<?xml version="1.0"?>
<!--<!DOCTYPE metadata SYSTEM "http://www.esri.com/metadata/esriprof80.dtd">-->
<metadata xml:lang="es"><Esri><CreaDate>20200321</CreaDate><CreaTime>21371600</CreaTime><SyncOnce>FALSE</SyncOnce><SyncDate>20200321</SyncDate><SyncTime>21444000</SyncTime><ModDate>20200321</ModDate><ModTime>21444000</ModTime><Sync>FALSE</Sync><ArcGISFormat>1.0</ArcGISFormat><DataProperties><lineage><Process ToolSource="c:\program files (x86)\arcgis\desktop10.3\ArcToolbox\Toolboxes\Data Management Tools.tbx\CalculateField" Date="20200316" Time="113635">CalculateField z_emerg_nacional Z_EMERG "CDO DEL AREA NAVAL AUSTRAL (ANAU)" VB #</Process><Process ToolSource="c:\program files (x86)\arcgis\desktop10.3\ArcToolbox\Toolboxes\Data Management Tools.tbx\CalculateField" Date="20200316" Time="113801">CalculateField z_emerg_nacional Z_EMERG "B MEC XI" VB #</Process><Process ToolSource="c:\program files (x86)\arcgis\desktop10.3\ArcToolbox\Toolboxes\Data Management Tools.tbx\CalculateField" Date="20200316" Time="113911">CalculateField z_emerg_nacional Z_EMERG "B MEC IX" VB #</Process><Process ToolSource="c:\program files (x86)\arcgis\desktop10.3\ArcToolbox\Toolboxes\Data Management Tools.tbx\CalculateField" Date="20200316" Time="114047">CalculateField z_emerg_nacional Z_EMERG "B M VI" VB #</Process><Process ToolSource="c:\program files (x86)\arcgis\desktop10.3\ArcToolbox\Toolboxes\Data Management Tools.tbx\CalculateField" Date="20200316" Time="114412">CalculateField z_emerg_nacional Z_EMERG "B MEC X" VB #</Process><Process ToolSource="c:\program files (x86)\arcgis\desktop10.3\ArcToolbox\Toolboxes\Data Management Tools.tbx\CalculateField" Date="20200316" Time="114829">CalculateField z_emerg_nacional Z_EMERG "B M VIII" VB #</Process><Process ToolSource="c:\program files (x86)\arcgis\desktop10.3\ArcToolbox\Toolboxes\Data Management Tools.tbx\CalculateField" Date="20200316" Time="115040">CalculateField z_emerg_nacional Z_EMERG "B PARAC IV" VB #</Process><Process ToolSource="c:\program files (x86)\arcgis\desktop10.3\ArcToolbox\Toolboxes\Data Management Tools.tbx\CalculateField" Date="20200316" Time="115540">CalculateField z_emerg_nacional Z_EMERG "B M V" VB #</Process><Process ToolSource="c:\program files (x86)\arcgis\desktop10.3\ArcToolbox\Toolboxes\Data Management Tools.tbx\CalculateField" Date="20200316" Time="115645">CalculateField z_emerg_nacional Z_EMERG "B MTE III" VB #</Process><Process ToolSource="c:\program files (x86)\arcgis\desktop10.3\ArcToolbox\Toolboxes\Data Management Tools.tbx\CalculateField" Date="20200316" Time="115747">CalculateField z_emerg_nacional Z_EMERG "B MTE XII" VB #</Process><Process ToolSource="c:\program files (x86)\arcgis\desktop10.3\ArcToolbox\Toolboxes\Data Management Tools.tbx\CalculateField" Date="20200316" Time="115932">CalculateField z_emerg_nacional Z_EMERG "BR BL II" VB #</Process><Process ToolSource="c:\program files (x86)\arcgis\desktop10.3\ArcToolbox\Toolboxes\Data Management Tools.tbx\CalculateField" Date="20200316" Time="120143">CalculateField z_emerg_nacional Z_EMERG "BR M V" VB #</Process><Process ToolSource="c:\program files (x86)\arcgis\desktop10.3\ArcToolbox\Toolboxes\Data Management Tools.tbx\CalculateField" Date="20200316" Time="120258">CalculateField z_emerg_nacional Z_EMERG "BR MTE III" VB #</Process><Process ToolSource="c:\program files (x86)\arcgis\desktop10.3\ArcToolbox\Toolboxes\Data Management Tools.tbx\CalculateField" Date="20200316" Time="120355">CalculateField z_emerg_nacional Z_EMERG "BR MEC IX" VB #</Process><Process ToolSource="c:\program files (x86)\arcgis\desktop10.3\ArcToolbox\Toolboxes\Data Management Tools.tbx\CalculateField" Date="20200316" Time="120502">CalculateField z_emerg_nacional Z_EMERG "BR MTE III" VB #</Process><Process ToolSource="c:\program files (x86)\arcgis\desktop10.3\ArcToolbox\Toolboxes\Data Management Tools.tbx\CalculateField" Date="20200316" Time="120558">CalculateField z_emerg_nacional Z_EMERG "BR PARAC IV" VB #</Process><Process ToolSource="c:\program files (x86)\arcgis\desktop10.3\ArcToolbox\Toolboxes\Data Management Tools.tbx\CalculateField" Date="20200316" Time="120710">CalculateField z_emerg_nacional Z_EMERG "BR MTE XII" VB #</Process><Process ToolSource="c:\program files (x86)\arcgis\desktop10.3\ArcToolbox\Toolboxes\Data Management Tools.tbx\CalculateField" Date="20200316" Time="120827">CalculateField z_emerg_nacional Z_EMERG "BR M V" VB #</Process><Process ToolSource="c:\program files (x86)\arcgis\desktop10.3\ArcToolbox\Toolboxes\Data Management Tools.tbx\CalculateField" Date="20200316" Time="120914">CalculateField z_emerg_nacional Z_EMERG "BR MEC X" VB #</Process><Process ToolSource="c:\program files (x86)\arcgis\desktop10.3\ArcToolbox\Toolboxes\Data Management Tools.tbx\CalculateField" Date="20200316" Time="121001">CalculateField z_emerg_nacional Z_EMERG "BR M V" VB #</Process><Process ToolSource="c:\program files (x86)\arcgis\desktop10.3\ArcToolbox\Toolboxes\Data Management Tools.tbx\CalculateField" Date="20200316" Time="121240">CalculateField z_emerg_nacional Z_EMERG "BR M V" VB #</Process><Process ToolSource="c:\program files (x86)\arcgis\desktop10.3\ArcToolbox\Toolboxes\Data Management Tools.tbx\CalculateField" Date="20200316" Time="121346">CalculateField z_emerg_nacional Z_EMERG "BR PARAC IV" VB #</Process><Process ToolSource="c:\program files (x86)\arcgis\desktop10.3\ArcToolbox\Toolboxes\Data Management Tools.tbx\CalculateField" Date="20200316" Time="121452">CalculateField z_emerg_nacional Z_EMERG "BR MTE XII" VB #</Process><Process ToolSource="c:\program files (x86)\arcgis\desktop10.3\ArcToolbox\Toolboxes\Data Management Tools.tbx\CalculateField" Date="20200316" Time="121559">CalculateField z_emerg_nacional Z_EMERG "BR MEC XI" VB #</Process><Process ToolSource="c:\program files (x86)\arcgis\desktop10.3\ArcToolbox\Toolboxes\Data Management Tools.tbx\CalculateField" Date="20200316" Time="121633">CalculateField z_emerg_nacional Z_EMERG "BR M VIII" VB #</Process><Process ToolSource="c:\program files (x86)\arcgis\desktop10.3\ArcToolbox\Toolboxes\Data Management Tools.tbx\CalculateField" Date="20200316" Time="121703">CalculateField z_emerg_nacional Z_EMERG "BR M VI" VB #</Process><Process ToolSource="c:\program files (x86)\arcgis\desktop10.3\ArcToolbox\Toolboxes\Data Management Tools.tbx\CalculateField" Date="20200316" Time="123417">CalculateField z_emerg_nacional Z_EMERG "CDO GMBA" VB #</Process><Process ToolSource="c:\program files (x86)\arcgis\desktop10.3\ArcToolbox\Toolboxes\Data Management Tools.tbx\CalculateField" Date="20200316" Time="123511">CalculateField z_emerg_nacional Z_EMERG "CDO GMBA" VB #</Process><Process ToolSource="c:\program files (x86)\arcgis\desktop10.3\ArcToolbox\Toolboxes\Data Management Tools.tbx\CalculateField" Date="20200316" Time="124920">CalculateField z_emerg_nacional Z_EMERG "CDO ADIESTRAMIENTO Y ALISTAMIENTO DE LA ARMADA (COAA)" VB #</Process><Process ToolSource="c:\program files (x86)\arcgis\desktop10.3\ArcToolbox\Toolboxes\Data Management Tools.tbx\CalculateField" Date="20200316" Time="125355">CalculateField z_emerg_nacional Z_EMERG "CDO DE ADIESTRAMIENTO Y ALISTAMIENTO DE LA ARMADA (COAA)" VB #</Process><Process ToolSource="c:\program files (x86)\arcgis\desktop10.3\ArcToolbox\Toolboxes\Data Management Tools.tbx\CalculateField" Date="20200316" Time="125616">CalculateField z_emerg_nacional Z_EMERG "CDO ADIESTRAMIENTO Y ALISTAMIENTO DE LA ARMADA (COAA)" VB #</Process><Process ToolSource="c:\program files (x86)\arcgis\desktop10.3\ArcToolbox\Toolboxes\Data Management Tools.tbx\CalculateField" Date="20200316" Time="125734">CalculateField z_emerg_nacional Z_EMERG "BR BL I" VB #</Process><Process ToolSource="c:\program files (x86)\arcgis\desktop10.3\ArcToolbox\Toolboxes\Data Management Tools.tbx\CalculateField" Date="20200316" Time="131424">CalculateField z_emerg_nacional Z_EMERG "" VB #</Process><Process ToolSource="c:\program files (x86)\arcgis\desktop10.6\ArcToolbox\Toolboxes\Data Management Tools.tbx\CalculateField" Date="20200318" Time="121925">CalculateField ZONA_EMERG_PROV CANT_HAB 13542069 VB #</Process><Process ToolSource="c:\program files (x86)\arcgis\desktop10.6\ArcToolbox\Toolboxes\Data Management Tools.tbx\CalculateField" Date="20200318" Time="122649">CalculateField ZONA_EMERG_PROV CANT_HAB 7443451 VB #</Process><Process ToolSource="c:\program files (x86)\arcgis\desktop10.6\ArcToolbox\Toolboxes\Data Management Tools.tbx\CalculateField" Date="20200318" Time="123105">CalculateField ZONA_EMERG_PROV CANT_HAB 2330684 VB #</Process><Process ToolSource="c:\program files (x86)\arcgis\desktop10.6\ArcToolbox\Toolboxes\Data Management Tools.tbx\CalculateField" Date="20200318" Time="140148">CalculateField ZONA_EMERG_PROV CANT_HAB 318951 VB #</Process><Process ToolSource="c:\program files (x86)\arcgis\desktop10.6\ArcToolbox\Toolboxes\Data Management Tools.tbx\CalculateField" Date="20200318" Time="155553">CalculateField ZONA_EMERG_PROV CANT_HAB 1189911 VB #</Process><Process ToolSource="c:\program files (x86)\arcgis\desktop10.6\ArcToolbox\Toolboxes\Data Management Tools.tbx\CalculateField" Date="20200318" Time="155947">CalculateField ZONA_EMERG_PROV CANT_HAB 509108 VB #</Process><Process ToolSource="c:\program files (x86)\arcgis\desktop10.6\ArcToolbox\Toolboxes\Data Management Tools.tbx\CalculateField" Date="20200318" Time="160341">CalculateField ZONA_EMERG_PROV CANT_HAB 273964 VB #</Process><Process ToolSource="c:\program files (x86)\arcgis\desktop10.6\ArcToolbox\Toolboxes\Data Management Tools.tbx\CalculateField" Date="20200318" Time="160626">CalculateField ZONA_EMERG_PROV CANT_HAB 127205 VB #</Process><Process ToolSource="c:\program files (x86)\arcgis\desktop10.6\ArcToolbox\Toolboxes\Data Management Tools.tbx\CalculateField" Date="20200318" Time="160837">CalculateField ZONA_EMERG_PROV CANT_HAB 673307 VB #</Process><Process ToolSource="c:\program files (x86)\arcgis\desktop10.6\ArcToolbox\Toolboxes\Data Management Tools.tbx\CalculateField" Date="20200318" Time="161016">CalculateField ZONA_EMERG_PROV CANT_HAB 530162
 VB #</Process><Process ToolSource="c:\program files (x86)\arcgis\desktop10.6\ArcToolbox\Toolboxes\Data Management Tools.tbx\CalculateField" Date="20200318" Time="161159">CalculateField ZONA_EMERG_PROV CANT_HAB 1214441
 VB #</Process><Process ToolSource="c:\program files (x86)\arcgis\desktop10.6\ArcToolbox\Toolboxes\Data Management Tools.tbx\CalculateField" Date="20200318" Time="161324">CalculateField ZONA_EMERG_PROV CANT_HAB 367828 VB #</Process><Process ToolSource="c:\program files (x86)\arcgis\desktop10.6\ArcToolbox\Toolboxes\Data Management Tools.tbx\CalculateField" Date="20200318" Time="161847">CalculateField ZONA_EMERG_PROV CANT_HAB 1055259
 VB #</Process><Process ToolSource="c:\program files (x86)\arcgis\desktop10.6\ArcToolbox\Toolboxes\Data Management Tools.tbx\CalculateField" Date="20200318" Time="162325">CalculateField ZONA_EMERG_PROV CANT_HAB 1448188
 VB #</Process><Process ToolSource="c:\program files (x86)\arcgis\desktop10.6\ArcToolbox\Toolboxes\Data Management Tools.tbx\CalculateField" Date="20200318" Time="164629">CalculateField ZONA_EMERG_PROV CANT_HAB 215393 VB #</Process><Process ToolSource="c:\program files (x86)\arcgis\desktop10.6\ArcToolbox\Toolboxes\Data Management Tools.tbx\CalculateField" Date="20200318" Time="165044">CalculateField ZONA_EMERG_PROV CANT_HAB 1101593
 VB #</Process><Process ToolSource="c:\program files (x86)\arcgis\desktop10.6\ArcToolbox\Toolboxes\Data Management Tools.tbx\CalculateField" Date="20200318" Time="165156">CalculateField ZONA_EMERG_PROV CANT_HAB 992595
 VB #</Process><Process ToolSource="c:\program files (x86)\arcgis\desktop10.6\ArcToolbox\Toolboxes\Data Management Tools.tbx\CalculateField" Date="20200318" Time="165307">CalculateField ZONA_EMERG_PROV CANT_HAB 333642
 VB #</Process><Process ToolSource="c:\program files (x86)\arcgis\desktop10.6\ArcToolbox\Toolboxes\Data Management Tools.tbx\CalculateField" Date="20200318" Time="165517">CalculateField ZONA_EMERG_PROV CANT_HAB 3308876
 VB #</Process><Process ToolSource="c:\program files (x86)\arcgis\desktop10.3\ArcToolbox\Toolboxes\Data Management Tools.tbx\CalculateField" Date="20200321" Time="213537">CalculateField GAMBA CCZE "CCZEM" VB #</Process><Process ToolSource="c:\program files (x86)\arcgis\desktop10.3\ArcToolbox\Toolboxes\Data Management Tools.tbx\CalculateField" Date="20200321" Time="213602">CalculateField GAMBA CDO "CTE GUAR MIL BA" VB #</Process><Process ToolSource="c:\program files (x86)\arcgis\desktop10.3\ArcToolbox\Toolboxes\Data Management Tools.tbx\CalculateField" Date="20200321" Time="214719">CalculateField CCZE CCZE "CCZEBAN" VB #</Process></lineage><itemProps><itemName Sync="TRUE">CCZE</itemName><imsContentType Sync="TRUE">002</imsContentType><itemSize Sync="TRUE">0.000</itemSize><itemLocation><linkage Sync="TRUE">file://\\DESKTOP-LFSB3OE\C$\Users\CIG\Desktop\COVID\CCZE\CCZE.shp</linkage><protocol Sync="TRUE">Local Area Network</protocol></itemLocation></itemProps><coordRef><type Sync="TRUE">Geographic</type><geogcsn Sync="TRUE">GCS_WGS_1984</geogcsn><csUnits Sync="TRUE">Angular Unit: Degree (0.017453)</csUnits><peXml Sync="TRUE">&lt;GeographicCoordinateSystem xsi:type='typens:GeographicCoordinateSystem' xmlns:xsi='http://www.w3.org/2001/XMLSchema-instance' xmlns:xs='http://www.w3.org/2001/XMLSchema' xmlns:typens='http://www.esri.com/schemas/ArcGIS/10.3'&gt;&lt;WKT&gt;GEOGCS[&amp;quot;GCS_WGS_1984&amp;quot;,DATUM[&amp;quot;D_WGS_1984&amp;quot;,SPHEROID[&amp;quot;WGS_1984&amp;quot;,6378137.0,298.257223563]],PRIMEM[&amp;quot;Greenwich&amp;quot;,0.0],UNIT[&amp;quot;Degree&amp;quot;,0.0174532925199433],AUTHORITY[&amp;quot;EPSG&amp;quot;,4326]]&lt;/WKT&gt;&lt;XOrigin&gt;-400&lt;/XOrigin&gt;&lt;YOrigin&gt;-400&lt;/YOrigin&gt;&lt;XYScale&gt;11258999068426.238&lt;/XYScale&gt;&lt;ZOrigin&gt;-100000&lt;/ZOrigin&gt;&lt;ZScale&gt;10000&lt;/ZScale&gt;&lt;MOrigin&gt;-100000&lt;/MOrigin&gt;&lt;MScale&gt;10000&lt;/MScale&gt;&lt;XYTolerance&gt;8.983152841195215e-009&lt;/XYTolerance&gt;&lt;ZTolerance&gt;0.001&lt;/ZTolerance&gt;&lt;MTolerance&gt;0.001&lt;/MTolerance&gt;&lt;HighPrecision&gt;true&lt;/HighPrecision&gt;&lt;LeftLongitude&gt;-180&lt;/LeftLongitude&gt;&lt;WKID&gt;4326&lt;/WKID&gt;&lt;LatestWKID&gt;4326&lt;/LatestWKID&gt;&lt;/GeographicCoordinateSystem&gt;</peXml></coordRef></DataProperties></Esri><dataqual><lineage><procstep><procdesc Sync="TRUE">Dataset copied.</procdesc><srcused Sync="TRUE">O:\ITG\ARGENTINA\afl</srcused><date Sync="TRUE">20100413</date><time Sync="TRUE">08592500</time></procstep><procstep><procdesc Sync="TRUE">Metadata imported.</procdesc><srcused Sync="TRUE">I:\vroja\METADATOS\metadata.xml</srcused><date Sync="TRUE">20100517</date><time Sync="TRUE">09531600</time></procstep><procstep><procdesc Sync="TRUE">Dataset moved.</procdesc><srcused Sync="TRUE">I:\vroja\jad</srcused><date Sync="TRUE">20100826</date><time Sync="TRUE">09221000</time></procstep><procstep><procdesc Sync="TRUE">Metadata imported.</procdesc><srcused Sync="TRUE">I:\vroja\METADATOS\jad.xml</srcused><date Sync="TRUE">20100907</date><time Sync="TRUE">09332300</time></procstep></lineage></dataqual><dataIdInfo><envirDesc Sync="TRUE"> Version 6.2 (Build 9200) ; Esri ArcGIS 10.3.0.4322</envirDesc><dataLang><languageCode Sync="TRUE" value="spa"></languageCode><countryCode value="ARG" Sync="TRUE"></countryCode></dataLang><idCitation><resTitle Sync="TRUE">CCZE</resTitle><presForm><PresFormCd Sync="TRUE" value="005"></PresFormCd></presForm><citRespParty><rpIndName>Cap Nazareno Ampuero</rpIndName><rpOrgName>DIG-DirGrlIcia</rpOrgName><rpPosName>Jefe de División SIGEA</rpPosName><rpCntInfo><cntAddress><delPoint>Azopardo 250</delPoint><city>CABA</city><adminArea>Buenos Aires</adminArea><eMailAdd>sig_ea@yahoo.com.ar</eMailAdd><country>ar</country><postCode>1107</postCode></cntAddress><cntPhone><voiceNum>43466100 Int2508</voiceNum></cntPhone></rpCntInfo><role><RoleCd value="007"></RoleCd></role></citRespParty><citRespParty><rpIndName>Mario Saucedo</rpIndName><rpOrgName>DIG-DirGrlIcia</rpOrgName><rpPosName>Jefe de Sección GIG</rpPosName><rpCntInfo><cntAddress><delPoint>Azopardo 250</delPoint><city>CABA</city><adminArea>Buenos Aires</adminArea><eMailAdd>sig_ea@yahoo.com.ar</eMailAdd><country>ar</country><postCode>1107</postCode></cntAddress><cntPhone><voiceNum>43466100 Int1108</voiceNum></cntPhone></rpCntInfo><role><RoleCd value="002"></RoleCd></role></citRespParty><resRefDate><refDate>20100201</refDate><refDateType><DateTypCd value="003"></DateTypCd></refDateType></resRefDate><resRefDate><refDate>20010329</refDate><refDateType><DateTypCd value="001"></DateTypCd></refDateType></resRefDate><resAltTitle>Jurisdicciones administrativas</resAltTitle></idCitation><spatRpType><SpatRepTypCd Sync="TRUE" value="001"></SpatRepTypCd></spatRpType><dataExt><geoEle><GeoBndBox esriExtentType="native"><westBL Sync="TRUE">-73.566148</westBL><eastBL Sync="TRUE">-53.63558</eastBL><northBL Sync="TRUE">-21.777561</northBL><southBL Sync="TRUE">-55.057949</southBL><exTypeCode Sync="TRUE">1</exTypeCode></GeoBndBox></geoEle></dataExt><geoBox esriExtentType="decdegrees"><westBL Sync="TRUE">-73.566148</westBL><eastBL Sync="TRUE">-53.63558</eastBL><northBL Sync="TRUE">-21.777561</northBL><southBL Sync="TRUE">-55.057949</southBL><exTypeCode Sync="TRUE">1</exTypeCode></geoBox><idAbs>Son polígonos que describen las jurisdicciones administrativas (división política).</idAbs><dataScale><equScale><rfDenom>100000/250000</rfDenom></equScale></dataScale><resConst><SecConsts><class><ClasscationCd value="002"></ClasscationCd></class></SecConsts><LegConsts><accessConsts><RestrictCd value="007"></RestrictCd></accessConsts><useConsts><RestrictCd value="007"></RestrictCd></useConsts><othConsts>PÚBLICO MILITAR</othConsts><accessConsts><RestrictCd value="008"></RestrictCd></accessConsts><useConsts><RestrictCd value="008"></RestrictCd></useConsts></LegConsts></resConst><descKeys KeyTypCd="005"><keyTyp><KeyTypCd value="005"></KeyTypCd></keyTyp><keyword>Jurisdicción administrativa</keyword><keyword>Provincia</keyword><keyword>Departamento</keyword><keyword>División política</keyword></descKeys><descKeys KeyTypCd="002"><keyTyp><KeyTypCd value="002"></KeyTypCd></keyTyp><keyword>Argentina</keyword><keyword>Sudamérica</keyword><keyword>América</keyword></descKeys><resMaint><maintFreq><MaintFreqCd value="010"></MaintFreqCd></maintFreq></resMaint><descKeys KeyTypCd="001"><keyTyp><KeyTypCd value="001"></KeyTypCd></keyTyp><keyword>Geografía</keyword><keyword>Cartografía</keyword><keyword>Hidrografía</keyword></descKeys><idPoC Sync="TRUE"><rpIndName Sync="TRUE">Cap Nazareno Ampuero</rpIndName><rpOrgName Sync="TRUE">DIG-DirGrlIcia</rpOrgName><rpPosName Sync="TRUE">Jefe de División SIGEA</rpPosName><rpCntInfo><cntPhone><voiceNum Sync="TRUE">43466100 Int2508</voiceNum></cntPhone><cntAddress><delPoint Sync="TRUE">Azopardo 250</delPoint><city Sync="TRUE">CABA</city><adminArea Sync="TRUE">Buenos Aires</adminArea><postCode Sync="TRUE">1107</postCode><country Sync="TRUE">ar</country><eMailAdd Sync="TRUE">sig_ea@yahoo.com.ar</eMailAdd></cntAddress></rpCntInfo><role><RoleCd Sync="TRUE" value="007"></RoleCd></role></idPoC><tpCat><TopicCatCd value="003"></TopicCatCd></tpCat></dataIdInfo><mdLang><languageCode Sync="TRUE" value="spa"></languageCode><countryCode value="ARG" Sync="TRUE"></countryCode></mdLang><mdStanName Sync="TRUE">ISO 19115 Geographic Information - Metadata</mdStanName><mdStanVer Sync="TRUE">DIS_ESRI1.0</mdStanVer><mdChar><CharSetCd Sync="TRUE" value="004"></CharSetCd></mdChar><mdHrLv><ScopeCd Sync="TRUE" value="005"></ScopeCd></mdHrLv><mdHrLvName Sync="TRUE">dataset</mdHrLvName><refSysInfo><RefSystem><refSysID><identCode Sync="TRUE" code="4326">GCS_WGS_1984</identCode><idCodeSpace Sync="TRUE">EPSG</idCodeSpace><idVersion Sync="TRUE">8.2.6</idVersion></refSysID></RefSystem></refSysInfo><spatRepInfo><VectSpatRep><geometObjs Name="CCZE"><geoObjTyp><GeoObjTypCd value="002" Sync="TRUE"></GeoObjTypCd></geoObjTyp><geoObjCnt Sync="TRUE">0</geoObjCnt></geometObjs><topLvl><TopoLevCd value="001" Sync="TRUE"></TopoLevCd></topLvl></VectSpatRep></spatRepInfo><mdDateSt Sync="TRUE">20200321</mdDateSt><mdContact><rpIndName>Viviana Rojas</rpIndName><rpOrgName>DIG-DirGrlIcia</rpOrgName><rpPosName>Ingeniería de Producción</rpPosName><rpCntInfo><cntAddress><delPoint>Azopardo 250</delPoint><city>CABA</city><adminArea>Buenos Aires</adminArea><eMailAdd>sig_ea@yahoo.com.ar</eMailAdd><country>ar</country><postCode>1107</postCode></cntAddress><cntPhone><voiceNum>43466100 int2658</voiceNum></cntPhone></rpCntInfo><role><RoleCd value="006"></RoleCd></role></mdContact><dqInfo><dataLineage><statement>Estos datos tienen como origen la cobertura JAD del SIG-IGM, antes SIG250, cuya escala referencial de levantamiento es 1:250000.</statement></dataLineage><dqScope><scpLvl><ScopeCd value="005"></ScopeCd></scpLvl></dqScope></dqInfo><distInfo><distributor><distorFormat><formatName Sync="TRUE">Shapefile</formatName><formatVer>ArcGis</formatVer></distorFormat><distorTran><onLineSrc><orDesc Sync="TRUE">002</orDesc><linkage Sync="TRUE">file://\\Server-1\Geodatos\ITG\ARGENTINA\jad.shp</linkage><protocol Sync="TRUE">Local Area Network</protocol><orFunct><OnFunctCd value="001"></OnFunctCd></orFunct></onLineSrc><transSize Sync="TRUE">5,210</transSize><offLineMed><medName><MedNameCd value="002"></MedNameCd></medName></offLineMed></distorTran><distorOrdPrc><ordInstr>Para obtener esta información o parte de ella se debe solicitar mediante Mensaje Militar, Fax o Nota objeto / Memorandum según corresponda, dirigido al Director General de Inteligencia especificando la finalidad y el área de interés demarcada mediante la definición de sus coordenadas extremas. 
En caso de enviarse la solicitud por fax indicar como destinatario al Departamento de Inteligencia Geoespacial (DIG)</ordInstr><ordTurn>Tres (3) días a partir de la recepción formal del requerimiento. Si no implica tratamiento adicional.</ordTurn><resFees>La información es gratuita. El solicitante deberá hacerse cargo del soporte de almacenamiento o del costo de envío si correspondiera.</resFees></distorOrdPrc><distorCont><rpIndName>Cnl José Eduardo Balladares</rpIndName><rpOrgName>DIG-DirGrlIcia</rpOrgName><rpPosName>Jefe DIG</rpPosName><rpCntInfo><cntAddress><delPoint>Azopardo 250</delPoint><city>CABA</city><adminArea>Buenos Aires</adminArea><postCode>1107</postCode><country>ar</country><eMailAdd>sig_ea@yahoo.com.ar</eMailAdd></cntAddress><cntPhone><voiceNum>43466100 Int1308</voiceNum></cntPhone></rpCntInfo><role><RoleCd value="001"></RoleCd></role></distorCont></distributor><distFormat><formatName Sync="TRUE">Shapefile</formatName></distFormat><distTranOps><transSize Sync="TRUE">0.000</transSize></distTranOps></distInfo><idinfo><native Sync="TRUE">Microsoft Windows XP Version 5.1 (Build 2600) Service Pack 2; ESRI ArcCatalog 9.2.0.1324</native><descript><langdata Sync="TRUE">es</langdata></descript><citation><citeinfo><title Sync="TRUE">jad</title><ftname Sync="TRUE">jad</ftname><geoform Sync="TRUE">vector digital data</geoform><onlink Sync="TRUE">\\Server-1\Geodatos\ITG\ARGENTINA\jad.shp</onlink></citeinfo></citation><natvform Sync="TRUE">Shapefile</natvform><spdom><lboundng><leftbc Sync="TRUE">-73.566148</leftbc><rightbc Sync="TRUE">-53.635580</rightbc><bottombc Sync="TRUE">-55.057949</bottombc><topbc Sync="TRUE">-21.777561</topbc></lboundng><bounding><westbc Sync="TRUE">-73.566148</westbc><eastbc Sync="TRUE">-53.635580</eastbc><northbc Sync="TRUE">-21.777561</northbc><southbc Sync="TRUE">-55.057949</southbc></bounding></spdom></idinfo><metainfo><langmeta Sync="TRUE">es</langmeta><metstdn Sync="TRUE">FGDC Content Standards for Digital Geospatial Metadata</metstdn><metstdv Sync="TRUE">FGDC-STD-001-1998</metstdv><mettc Sync="TRUE">local time</mettc><metd Sync="TRUE">20100907</metd></metainfo><distinfo><resdesc Sync="TRUE">Downloadable Data</resdesc><stdorder><digform><digtinfo><transize Sync="TRUE">5,210</transize><dssize Sync="TRUE">5,210</dssize></digtinfo></digform></stdorder></distinfo><spdoinfo><direct Sync="TRUE">Vector</direct><ptvctinf><esriterm Name="CCZE"><efeatyp Sync="TRUE">Simple</efeatyp><efeageom code="4" Sync="TRUE"></efeageom><esritopo Sync="TRUE">FALSE</esritopo><efeacnt Sync="TRUE">0</efeacnt><spindex Sync="TRUE">FALSE</spindex><linrefer Sync="TRUE">FALSE</linrefer></esriterm></ptvctinf></spdoinfo><spref><horizsys><cordsysn><geogcsn Sync="TRUE">GCS_WGS_1984</geogcsn></cordsysn><geograph><geogunit Sync="TRUE">Decimal degrees</geogunit><latres Sync="TRUE">0.000000</latres><longres Sync="TRUE">0.000000</longres></geograph><geodetic><horizdn Sync="TRUE">D_WGS_1984</horizdn><ellips Sync="TRUE">WGS_1984</ellips><semiaxis Sync="TRUE">6378137.000000</semiaxis><denflat Sync="TRUE">298.257224</denflat></geodetic></horizsys></spref><eainfo><detailed Name="CCZE"><enttyp><enttypl Sync="TRUE">CCZE</enttypl><enttypt Sync="TRUE">Feature Class</enttypt><enttypc Sync="TRUE">0</enttypc></enttyp><attr><attrlabl Sync="TRUE">FID</attrlabl><attalias Sync="TRUE">FID</attalias><attrtype Sync="TRUE">OID</attrtype><attwidth Sync="TRUE">4</attwidth><atprecis Sync="TRUE">0</atprecis><attscale Sync="TRUE">0</attscale><attrdef Sync="TRUE">Internal feature number.</attrdef><attrdefs Sync="TRUE">ESRI</attrdefs><attrdomv><udom Sync="TRUE">Sequential unique whole numbers that are automatically generated.</udom></attrdomv></attr><attr><attrlabl Sync="TRUE">Shape</attrlabl><attalias Sync="TRUE">Shape</attalias><attrtype Sync="TRUE">Geometry</attrtype><attwidth Sync="TRUE">0</attwidth><atprecis Sync="TRUE">0</atprecis><attscale Sync="TRUE">0</attscale><attrdef Sync="TRUE">Feature geometry.</attrdef><attrdefs Sync="TRUE">ESRI</attrdefs><attrdomv><udom Sync="TRUE">Coordinates defining the features.</udom></attrdomv></attr><attr><attrlabl Sync="TRUE">CCZE</attrlabl><attalias Sync="TRUE">CCZE</attalias><attrtype Sync="TRUE">String</attrtype><attwidth Sync="TRUE">30</attwidth><atprecis Sync="TRUE">0</atprecis><attscale Sync="TRUE">0</attscale></attr><attr><attrlabl Sync="TRUE">CDO</attrlabl><attalias Sync="TRUE">CDO</attalias><attrtype Sync="TRUE">String</attrtype><attwidth Sync="TRUE">30</attwidth><atprecis Sync="TRUE">0</atprecis><attscale Sync="TRUE">0</attscale></attr><attr><attrlabl Sync="TRUE">CCZEBAN</attrlabl><attalias Sync="TRUE">CCZEBAN</attalias><attrtype Sync="TRUE">String</attrtype><attwidth Sync="TRUE">30</attwidth><atprecis Sync="TRUE">0</atprecis><attscale Sync="TRUE">0</attscale></attr></detailed></eainfo></metadata>
